modelo,rmse_promedio,mejora_pct,ventanas_ganadas
Linear Regression,0.014803247869030431,3.936894185248329,6
Huber Regressor,0.014898649460593152,3.317802127460227,5
Bayesian Ridge,0.015027615414857823,2.4808999678371366,6
Ridge,0.015078923838414566,2.1479428651170585,6
Extra Trees,0.015103661384828595,1.9874128544198966,5
Random Forest,0.015156130534290274,1.6469234225505522,5
AdaBoost,0.015227288879329115,1.1851537021792802,5
K-Nearest Neighbors,0.015341241338205957,0.4456790131255097,5
LightGBM,0.01537872391370633,0.20244234990414306,5
ElasticNet,0.015378905142183005,0.20126629918300912,6
Lasso,0.015397276851102837,0.08204628519838533,5
Gradient Boosting,0.01554286590934706,-0.8627286203710982,5
SVR (RBF),0.01567105381272081,-1.6945817538801256,3
Decision Tree,0.01614628563692551,-4.778516132268898,0
XGBoost,0.01619481103185558,-5.093413254110811,1
